{
  "K\u00f6nigsberg": [
    54.7104264,
    20.4522144
  ],
  "Innsbruck": [
    47.2692124,
    11.4041024
  ],
  "Dilligen": [
    49.3669661,
    6.6991395
  ],
  "Torino": [
    45.070312,
    7.686856499999999
  ],
  "Bologna": [
    44.494887,
    11.3426163
  ],
  "Ancona": [
    43.6158299,
    13.518915
  ],
  "Irache": [
    42.6457351,
    -2.0563675
  ],
  "Pavia": [
    45.1847248,
    9.1582069
  ],
  "Giessen": [
    50.5840512,
    8.678403099999999
  ],
  "Zaragoza": [
    41.6488226,
    -0.8890853
  ],
  "Valence": [
    44.933393,
    4.89236
  ],
  "Co\u00efmbra": [
    40.2033145,
    -8.4102573
  ],
  "Würzburg": [
    49.778052,
    9.8729887
  ],
  "Fulda": [
    50.5558095,
    9.6808449
  ],
  "Aix-en-Provence": [
    43.529742,
    5.447426999999999
  ],
  "D\u00f4le": [
    47.09534,
    5.49081
  ],
  "Ingolstadt": [
    48.7665351,
    11.4257541
  ],
  "Paris": [
    48.856614,
    2.3522219
  ],
  "Douai": [
    50.367874,
    3.080602
  ],
  "Harderwijk": [
    52.3422025,
    5.6367423
  ],
  "Rinteln": [
    52.2020461,
    9.0759703
  ],
  "Catania": [
    37.5078772,
    15.0830304
  ],
  "Dorpat": [
    58.3776252,
    26.7290063
  ],
  "Perpignan": [
    42.6886591,
    2.8948332
  ],
  "Caen": [
    49.182863,
    -0.370679
  ],
  "Nantes": [
    47.218371,
    -1.553621
  ],
  "Solsona": [
    41.9933358,
    1.515464
  ],
  "Sig\u00fcenza": [
    41.067066,
    -2.6462262
  ],
  "Napoli": [
    40.8517746,
    14.2681244
  ],
  "Die": [
    44.751036,
    5.370536
  ],
  "Altdorf bei Nuremberg": [
    49.3856621,
    11.3564834
  ],
  "Dublin": [
    53.324238,
    -6.385787
  ],
  "Jena": [
    50.927054,
    11.5892372
  ],
  "Avila": [
    40.656685,
    -4.6812086
  ],
  "Pisa": [
    43.7228386,
    10.4016888
  ],
  "Fermo": [
    43.1588734,
    13.7200884
  ],
  "Rome Sapienza": [
    41.9027835,
    12.4963655
  ],
  "Rostock": [
    54.0924406,
    12.0991466
  ],
  "Eperjes": [
    49.0018324,
    21.2393119
  ],
  "Lucca": [
    43.8376211,
    10.4950609
  ],
  "Marburg": [
    50.8021728,
    8.7667933
  ],
  "N\u00eemes": [
    43.836699,
    4.360054
  ],
  "Salamanca": [
    40.9701039,
    -5.663539699999999
  ],
  "Besan\u00e7on": [
    47.2601941,
    5.9422285
  ],
  "Frankfurt-on-Oder": [
    51.38019,
    16.2364347
  ],
  "Groningen": [
    53.2193835,
    6.566501799999999
  ],
  "Duisburg": [
    51.4344079,
    6.762329299999999
  ],
  "Huesca ": [
    42.131845,
    -0.4078058
  ],
  "Baeza": [
    37.9966884,
    -3.4676157
  ],
  "Kassel": [
    51.3127114,
    9.4797461
  ],
  "Urbino": [
    43.7262567,
    12.6365633
  ],
  "G\u00f6ttingen": [
    51.54128040000001,
    9.915803499999999
  ],
  "Strasburg": [
    48.5734053,
    7.752111299999999
  ],
  "Uppsala": [
    59.85856380000001,
    17.6389267
  ],
  "Bourges": [
    47.081012,
    2.398782
  ],
  "Graz": [
    47.070714,
    15.439504
  ],
  "Sevilla": [
    37.3890924,
    -5.9844589
  ],
  "Siena": [
    43.31880899999999,
    11.3307574
  ],
  "Orange": [
    44.1264201,
    4.7336519
  ],
  "Vienna": [
    48.2081743,
    16.3738189
  ],
  "Reims": [
    49.258329,
    4.031696
  ],
  "Linz": [
    48.30694,
    14.28583
  ],
  "Leiden": [
    52.1601144,
    4.4970097
  ],
  "Mondovi": [
    44.3953434,
    7.819670899999999
  ],
  "Lleida": [
    41.6175899,
    0.6200146
  ],
  "Modena": [
    44.647128,
    10.9252269
  ],
  "Lwow": [
    49.839683,
    24.029717
  ],
  "Trier": [
    49.749992,
    6.6371433
  ],
  "Valladolid": [
    41.652251,
    -4.724532099999999
  ],
  "Sedan": [
    49.6993252,
    4.8918146
  ],
  "Vercelli": [
    45.3202204,
    8.418508
  ],
  "Grenoble": [
    45.188529,
    5.724524
  ],
  "Edinburgh": [
    55.953252,
    -3.188267
  ],
  "Angers": [
    47.478419,
    -0.5631659999999999
  ],
  "Burgo de Osma": [
    41.587565,
    -3.0668549
  ],
  "Paderborn": [
    51.7189205,
    8.757509299999999
  ],
  "Salzburg": [
    47.80949,
    13.05501
  ],
  "Camerino": [
    43.13565029999999,
    13.0683254
  ],
  "Pau": [
    43.2951,
    -0.370797
  ],
  "Stuttgart": [
    48.7758459,
    9.1829321
  ],
  "Nijmegen": [
    51.8428413,
    5.7631169
  ],
  "Lisboa": [
    38.7222524,
    -9.1393366
  ],
  "Ferrara": [
    44.8381237,
    11.619787
  ],
  "Oviedo": [
    43.3619145,
    -5.8493887
  ],
  "Mainz": [
    49.9928617,
    8.2472526
  ],
  "Cambridge": [
    52.1988214,
    0.0499475
  ],
  "Orthez": [
    43.48755999999999,
    -0.7739279
  ],
  "Vilnius": [
    54.6871555,
    25.2796514
  ],
  "Budapest": [
    47.497912,
    19.040235
  ],
  "Basel": [
    47.5595986,
    7.5885761
  ],
  "Utrecht": [
    52.09073739999999,
    5.1214201
  ],
  "Corte": [
    42.309409,
    9.149022
  ],
  "Zamosc": [
    50.7230879,
    23.2519686
  ],
  "Toledo": [
    39.8628316,
    -4.027323099999999
  ],
  "Nancy": [
    48.692054,
    6.184417
  ],
  "Nagyszombat": [
    48.3709108,
    17.5833218
  ],
  "Greifswald": [
    54.08654629999999,
    13.3923414
  ],
  "Altamura": [
    40.8253924,
    16.5527874
  ],
  "Osuna": [
    37.2373642,
    -5.1033081
  ],
  "Braunsberg": [
    54.3793634,
    19.7853584
  ],
  "Erfurt": [
    50.98476789999999,
    11.0298799
  ],
  "Salerno": [
    40.68244079999999,
    14.7680961
  ],
  "Kassa": [
    48.7163857,
    21.2610746
  ],
  "Messina": [
    38.1938137,
    15.5540152
  ],
  "Nice": [
    43.7101728,
    7.261953200000001
  ],
  "T\u00fcbingen": [
    48.5216364,
    9.0576448
  ],
  "Kiel ": [
    54.3232927,
    10.1227652
  ],
  "Pozsony": [
    48.1485965,
    17.1077477
  ],
  "Poitiers": [
    46.58022400000001,
    0.340375
  ],
  "Gerona": [
    41.9794005,
    2.8214264
  ],
  "Cagliari": [
    39.2238411,
    9.1216613
  ],
  "Moskva": [
    55.755826,
    37.6173
  ],
  "Molsheim": [
    48.543715,
    7.491511999999999
  ],
  "Palermo": [
    38.1156879,
    13.3612671
  ],
  "Saumur": [
    47.260135,
    -0.08089299999999999
  ],
  "Vich": [
    46.131859,
    3.425488
  ],
  "Dijon": [
    47.322047,
    5.04148
  ],
  "Milano": [
    45.4654219,
    9.1859243
  ],
  "M\u00fcnster-Westfalen": [
    51.8994604,
    7.6405456
  ],
  "Avignon": [
    43.94931700000001,
    4.805528
  ],
  "Leuven": [
    50.8798438,
    4.7005176
  ],
  "Alcal\u00e0 de Henares": [
    40.4819791,
    -3.3635421
  ],
  "Breslau": [
    51.1078852,
    17.0385376
  ],
  "Bordeaux": [
    44.837789,
    -0.57918
  ],
  "Genova": [
    44.4056499,
    8.946256
  ],
  "Helmstedt": [
    52.22896600000001,
    11.009544
  ],
  "O\u00f1ate": [
    43.0341127,
    -2.4171658
  ],
  "Toulouse": [
    43.604652,
    1.444209
  ],
  "Rome Curie": [
    41.8929836,
    12.4854311
  ],
  "Halle": [
    51.4969802,
    11.9688029
  ],
  "Macerata": [
    43.2984268,
    13.4534767
  ],
  "Tortosa": [
    40.8125777,
    0.5214423
  ],
  "Perugia": [
    43.1107168,
    12.3908279
  ],
  "Freiburg-im-Breisgau": [
    47.9990077,
    7.842104299999999
  ],
  "Praha": [
    50.0755381,
    14.4378005
  ],
  "Almagro": [
    38.8884312,
    -3.7117806
  ],
  "Escorial": [
    40.5860078,
    -4.1497711
  ],
  "Lund": [
    55.7046601,
    13.1910073
  ],
  "Montbéliard": [
    47.5167546,
    6.7483195
  ],
  "Olomouc": [
    49.593778,
    17.2508787
  ],
  "Firenze": [
    43.7695604,
    11.2558136
  ],
  "Cracow": [
    50.06465009999999,
    19.9449799
  ],
  "Pamplona": [
    42.812526,
    -1.6457745
  ],
  "Granada": [
    37.1773363,
    -3.5985571
  ],
  "Santiago de Compostela": [
    42.8782132,
    -8.5448445
  ],
  "Orihuela": [
    38.08555279999999,
    -0.9480050999999999
  ],
  "Abo": [
    60.4518126,
    22.2666303
  ],
  "Saint-Andrews": [
    56.3365315,
    -2.8252858
  ],
  "Parma": [
    44.801485,
    10.3279036
  ],
  "Palma de Mallorca": [
    39.5699316,
    2.6107148
  ],
  "Mantova": [
    45.1564168,
    10.7913751
  ],
  "Valencia": [
    39.4699075,
    -0.3762881
  ],