{
  "Dilligen": [ 49.3669661,6.6991395]
  ,"Onasbrück":[52.2779659,7.9853899]
  ,"Dublin":[53.324238,-6.385787]
  ,"Braunsberg":[54.3793634,19.7853584]
  ,"Besan\u00e7on": [47.2601941,5.9422285]
  ,"Orange": [44.1264201,4.7336519]
  ,"Sedan": [49.6993252,4.8918146]
  ,"Nimeguen":[51.8428413,5.7631169]
  ,"Cambridge":[52.1988214,0.0499475]
  ,"Escorial":[40.5860078,-4.1497711]
  ,"Monbéliard": [47.5167546,6.7483195]
  ,"Saint-Andrews":[56.3365315,-2.8252858]
  ,"Palma de Mallorca":[39.5699316,2.6107148]
  ,"Würzbourg":[49.778052,9.8729887]
  ,"Cahors":[44.4565006,1.3689729]
  ,"Laguna":[28.4644456,-16.2566595]
  ,"Cahors" : [44.4565006,1.3689729]

}
